0.16469600804879034, 15.271044256163133
0.1508448712779532, 13.547692111683594
0.301190861608493, 14.033159011398817
0.5084710993540232, 4.378647808312313
0.20867474363956948, 14.505940755113032
0.8253977414136083, 1.1574906312305817
0.32017247342910427, 15.02971375803136
0.1442265049642444, 1.1609777122296763
0.18100888993658817, 6.532724459544194
0.11185755550152376, 16.379233714818966
5.538249029836774e-2, 7.422224299042026
0.45496649653644095, 3.238383250793579
0.2572374299209039, 13.388135031339036
0.3216499909071288, 14.997367434621626
0.20453330647692433, 0.181608297858378
0.41473105328251464, 0.4483954690340164
0.25359452520477127, 2.7623335857813394
0.21403117676009945, 5.992964948301424
0.6312468146817869, 14.360223318477548
0.43280368137988195, 12.00504995791124
0.42882272343135236, 8.167804107304038
0.41774738141697854, 8.390363833611184
8.615423712751737e-2, 15.375075607552374
0.42417507038178237, 14.820863636209973
0.339550410898106, 0.5682966896222803
0.24073587847741457, 4.999977341153498
0.5589685598701081, 0.8304715009847583
0.37395022627042324, 8.350260394380983
6.799671901803282e-2, 2.2188389133650714
0.2939884757395325, 16.275190572512788
0.27321612626293024, 3.1304393627464484
0.2876660297049908, 14.851490969021864
0.4209347315604637, 16.169194845524046
0.20512559574495304, 12.249509213855767
0.3556172779747255, 7.141332813546781
0.3595773228523916, 2.0446129653080107
0.41900363298880167, 12.462552293385903
0.23435273547496152, 0.21402214407362619
0.615550928122016, 15.943101581780132
0.30110230717688763, 10.03832135357613
0.21077922587537004, 14.142316841700746
0.25610463941778844, 5.12289510391726
0.29825483147136056, 2.084248380878201e-5
0.19683964354421185, 1.0151261062491395
0.38640984671577716, 0.6705265002382629
6.319082554338203e-2, 6.594080421752776
0.14231958599444836, 1.026838647531615e-4
0.14720758067403628, 8.585690899812848
0.25934232107481453, 3.5784951487234586e-4
0.4799245092067622, 4.785196373293736
0.32849892678146186, 5.434776774385048e-5
8.930965791768221e-2, 4.39687597900039
0.3493782783412738, 14.422077971392302
0.2937112793588007, 1.8302282655789586
0.31534152456809406, 14.059625115159582
0.4201048753305206, 1.9532885333920778
0.13333891905402215, 3.5646455142012076e-3
0.24916083062333244, 16.271243810808667
0.1333831036441918, 12.252482923380617
0.1337425427138203, 4.575840169366418e-2
0.1842880915076091, 0.5307889668630027
9.148674481512231e-2, 3.591336320201891e-3
0.12626318018267083, 1.493400433138681
0.2798527726649978, 15.50274638946411
0.1700808891050701, 5.6425213407711915e-2
0.37275571349604836, 1.2138954384165104
0.535581897411976, 4.382698980706935
0.1365682072277589, 2.334033438526104
0.3210114987498009, 10.652254909207898
0.6061444865975676, 0.26382671087136966
0.40016272391892477, 7.248402708530145e-2
5.916322231624376e-2, 13.758061325739137
0.39264521272374187, 7.609240891871202
0.1670278431973999, 2.0020319160628276e-3
0.5368779315331504, 5.484871391395931e-4
0.12145582918435888, 15.81418812125276
0.3200927757094689, 0.1549261508207171
0.22404816257412666, 4.280706844670401
0.4077784208035238, 2.9882321433261097e-2
0.3255343157182356, 11.025743181140887
0.2992938102124406, 13.12096689496727
0.17915191293361143, 8.694321527938047
0.4836400188307025, 16.232464886599
0.46584591770140016, 14.888852811747604
0.3726217024680693, 13.72722219378412
0.31510253198827165, 1.0798830061921083e-5
0.20390941417732916, 15.99883048251517
0.22296911735887984, 0.9354869372167101
0.457323818765522, 16.347450326548525
0.14045033699410583, 5.967042755762713
0.28787237226900686, 16.19813395428392
0.5989704163228476, 13.364709049893786
0.3119901514692853, 10.880570995316555
0.14677736645716408, 7.887016019485543
7.230854551207609e-2, 9.628917025551614
9.2419482335864e-2, 6.840841307104794
0.4445087361560741, 12.08789984765397
3.660999822962283e-2, 0.3954302416253682
0.31321541926567464, 2.3416612037517694
0.23628263486286316, 1.0295613829521399e-3
0.19445751142428375, 8.930070350369316
0.10747725187491398, 10.174646845476724
0.28528934032566106, 7.729787725498389
0.20168331162253592, 1.7603646199033378
0.2992628248512891, 9.768210471570246
4.3929108702206364e-2, 5.107525443258595
0.3341554675906551, 16.33422316312996
0.3302700181495066, 15.60154618720536
0.2635521071942844, 1.3304948486178216
0.23316787795354915, 10.550560088096468
0.19769486942703998, 15.17147780055207
9.093601641043751e-2, 1.085130998225719
0.2577908175937859, 3.22267394197461
3.930874603983441e-2, 5.361242928040831e-2
0.16323934631580841, 1.6282641977869328e-2
0.1638424427699119, 7.30266090867862e-5
0.22834315088135967, 12.178553214734732
0.3256415378816638, 0.3650917037801924
7.186685626947954e-2, 11.422628363892803
0.23275130416037293, 2.4864572481923863
0.16284580653594166, 11.71708197491036
0.17108319500605962, 2.5774289020411337e-3
0.28888084021618504, 11.313779680283236
9.049793044667499e-2, 3.4971929915513194
0.14984787106187777, 16.349492234617113
2.5749316332059614e-2, 0.26713409005968614
0.28469813685542916, 15.125154641939957
0.20631459615079337, 8.57599042143607
9.771578590726054e-2, 1.1219366292981185
0.6259671028224267, 0.8973520667292875
0.28875203774635533, 12.28954531775416
0.1016971931010878, 6.172766697832609e-4
0.3843888569851496, 8.082043535783512
0.1922073326284652, 12.06959582417704
0.13908333025512243, 2.455653994431797
0.17844947806559422, 5.784314029546829
0.10355815258378694, 0.6186666851203374
0.5829835182808688, 13.298385022486185
0.18094197308816792, 3.7708152512378507e-3
0.33959079124382496, 2.6452027885083
8.38258288544874e-2, 2.3976557936799273e-2
7.857425970833391e-2, 1.8613052160040576e-2
0.1965390219975669, 2.0124065874841395
0.3269064659844595, 14.290960201314498
0.583488280862444, 1.859417099011174
0.3243669093715086, 15.395067550039634
0.34426939472531387, 0.5043465172490129
0.3026308731904121, 14.979489469953256
0.3285460889665369, 3.93582530928302
0.1418043284414663, 14.840922971665965
0.2399342573636003, 0.6197056074429051
0.41897882469691644, 11.473778776042511
0.543045078915517, 2.3862858562610625
0.37920879475947794, 0.25173982573222914
0.20179627056628116, 16.21567105501641
0.2899649134859636, 12.993329559319537
0.13941739056963492, 1.8806068932756687e-2
3.1699052842228986e-2, 2.933290633337068
0.3038355643279527, 9.67668120986297
0.11648799942361703, 7.108210806989411e-2
0.18970836332395524, 16.379220799029046
0.1124267898432743, 0.11607455553343991
0.5955995398392234, 9.45916404462841e-3
0.45735004140438834, 1.360591110174487
7.999765713359218e-2, 0.416258656228753
0.282247715646078, 9.570934770402543
0.1930381593245368, 0.7354788379517344
0.6247825299088512, 13.48275526541176
0.6360117892618138, 11.210629846318756
9.481562308990318e-2, 5.437467611255142e-2
0.19509716970689098, 15.338806943976163
0.5986486507628656, 14.194431198634895
3.011545243954624e-2, 4.375933097686417
0.2854328498234026, 13.692047078472312
0.27587677431828295, 2.6292507851779904e-4
0.24018970201513135, 12.75229211353449
0.2252924687657931, 7.891584323869853e-2
0.3480842127865142, 6.879593533210804
0.48974404409401123, 0.20305650313177653
0.2375253992699521, 3.9516977908293778
0.18400068245982448, 0.1079049075454685
0.3294088181359927, 1.8781663484684115
0.11147974275100314, 0.5043959895174117
0.5431438080737273, 7.936906860099772
0.2980952474747214, 12.829447978343453
9.245243661580133e-2, 0.9599167682169263
0.34354308775374304, 0.47003605371886625
0.23522602699157344, 8.804100007247963e-2
0.17275289535822413, 6.750346017260805
0.13308393730700865, 0.7344895700381439
0.24059536331521558, 3.3113281740586434e-2
0.30763610392185226, 4.823789867873222e-3
0.3516126611466266, 1.6068008343985336
0.1793889685251698, 14.289019455824382
0.25948196651636246, 13.004444436621192
0.28533993691354037, 10.944295035118094
0.4622221644651131, 9.279923534675662
0.21365445330463795, 11.734627044847793
0.32811383528262533, 1.117013580259848
0.29998673076935145, 12.924907037457046
0.2230038475156754, 5.042671672867079e-2
0.10628146978814021, 12.572203197103349
0.21395513591887358, 6.9788184225363015
0.16968360158781087, 11.878958403378117
0.2434127228700363, 1.8199807758936575
0.23387045304173104, 3.4473627647775724
6.291413404506938e-2, 7.265933917071632e-2
0.6993566867621396, 2.8388899399725874e-3
0.2236671540243679, 13.618744574092382
0.514172585092564, 0.49740510406008964
0.3165757529437661, 15.345619141520638
0.5531889536248165, 10.903344817769536
0.28655048424159324, 0.16670452625855947
0.5799698397959344, 4.150796697808218e-2
0.2075177035025221, 6.648520211498355
0.3645581355502921, 3.3066612156656483e-3
0.48406081860538364, 16.357472661715097
0.5537900728972633, 3.026135560138716
0.480604434790827, 14.68658673880465
0.384115986300928, 15.412684196908844
4.8687702488191015e-2, 1.1831301359589335
0.22191254250146808, 7.663996553556585
0.15620028204488864, 15.854492625716691
0.3047285998850561, 8.702798697571747e-2
7.980204618414831e-2, 0.280133101435444
0.6487021055415467, 14.352400900623476
4.5983613077293074e-2, 1.4966606665206448e-2
0.3021588932345011, 2.168700783198487
0.20932621180358452, 4.714044455378213
0.35171728020826154, 1.645011865302588e-4
0.553786338582215, 3.574764937114702
0.25901462859155355, 8.694081151474869
8.87839422700973e-2, 0.6465531859836059
0.16021509633784686, 13.10031933109408
0.12389046652740365, 1.0735314491669314
3.612984542857212e-2, 0.38678455484785357
0.37188166745748713, 5.661700389145807e-4
0.2753591681844224, 3.1802803734826837
0.11765332351179614, 15.959082149535702
0.19276797424829223, 1.4521965882846571e-2
0.33592679768144446, 0.1793647937836336
0.46316743496202806, 14.20505225239145
0.48723500803775427, 1.541207931253887
0.1633168091789174, 2.2315529232965132
0.14101456844135532, 13.661067584351335
0.1674524123125439, 1.7953317305765264
0.27496923682853663, 14.26520490788715
0.3594843862549157, 2.0874125435172117e-2
0.25108639318214987, 1.5926986828975385
0.18614249142248424, 7.5233753394089575
0.2963648286357904, 14.23037964801726
8.886667294960947e-2, 16.268827847848147
0.2657787488535525, 0.74873866906402
0.4169687991214091, 13.06329835934096
8.797198971777873e-2, 5.844120158709312
6.180583261374636e-2, 6.87203338418094e-2
0.16592503488525018, 3.0499881009041894
0.2067122714001308, 15.7978021443199
0.3851020811595513, 1.113886912968208
0.31509795261891166, 4.803801458914153
0.41341512691248417, 16.155264042921182
0.17839407443988226, 0.31798917319242465
0.3289535533196939, 0.4705031628615508
0.506212521680056, 0.9372489314419488
0.42269235130398936, 16.176012797880677
0.2983590329191005, 9.313016122056899
0.3479419218690848, 5.262537369446953
0.2340237771637141, 1.149831271873093e-3
0.2064889660751591, 5.042231893991321e-2
6.002599094482451e-2, 6.460932408703129
0.38349651791259565, 2.3513651159005346e-4
0.1304511485841264, 6.9155211511535395
0.26213138607515124, 1.4491133969532868
0.15773160094511895, 8.197111480212958e-3
6.2093809013892984e-2, 2.90414637146381
0.6508133461797395, 1.4042513017519438
0.10810432864849266, 8.659452384711267
0.39022111197273496, 12.28046294018009
0.3970788836893323, 16.33210877266496
6.517937152158168e-2, 13.028863792892674
0.3903117112559493, 7.194300687553824
0.21872592722671308, 15.006840838839446
0.3377095263594453, 11.23375693910237
0.17883071260183944, 4.2768996953128955
0.4561257547769714, 3.0696563584824295e-3
0.23401979937818393, 3.72441823168523
0.4806317703573801, 3.1585199663573706
0.26208201690211813, 2.62842868591183
0.45988802400373824, 2.504842952615543e-2
0.5633858035942697, 2.074646429734331
0.2888150445351038, 1.8461839586197455e-4
3.386177132028475e-2, 6.89387843735582e-2
0.13026253447449307, 0.2718593059824233
0.19236552362141388, 0.2027918582205833
0.491568546144089, 16.04998841935672
0.12863278134423617, 2.617091856054628
0.32130928647378443, 7.107133356646032
0.16313092086678954, 0.49555356462561856
0.5853280022356461, 2.5110247677662603
0.34818306300989604, 6.930852842701162
6.470484023595595e-2, 0.12010502174629592
0.6782335049504441, 3.1953991748744897
0.24661645285682746, 7.109638095698383
0.4453592382425304, 14.114733064791327
0.14390970080357543, 1.3704849261473724
0.3086655823002861, 0.3102825072726693
0.2720533414735679, 0.18738432117118717
8.513448902854592e-2, 8.652329575973443
0.26488722512922486, 0.2890497959172811
0.3549428287228673, 10.89291678177306
0.11883637223653529, 14.791339506057442
0.374541075178274, 5.246267335398497e-3
0.2150046168339926, 14.865288807319905
0.24683301361859078, 5.460880954479791
0.34947563602631304, 0.6829126062006923
0.15233854084944434, 0.6732997610642348
0.46000999830782763, 16.32160409189394
0.5747431823244048, 2.6832760745676993e-3
7.519027970097193e-2, 15.474851209144777
5.7623744493444e-2, 13.391911555533515
0.5366106895689366, 5.897918337181365e-2
0.40369437591977786, 0.2077881277707912
0.16308549429230795, 3.1444690153287773
0.4785512216111026, 10.323702794671458
0.1681171881172258, 4.9070629233306
0.30748249058867283, 1.9932721148616446
0.5387470190205151, 14.198164617856808
0.462444889640866, 10.442940110811968
0.49740450890668914, 0.23092730257521202
0.5701957457440423, 5.154230250806751
0.1793089708334814, 6.359463713958183
0.2300856916536365, 0.5236266346239188
0.3862285080114507, 16.21791681334897
0.33982694766492066, 6.0110993959912395
0.14192324326532124, 7.671667847024497e-5
0.25393124426837094, 0.10696457151422321
0.3222281494040391, 16.122028261077705
2.7653899382257718e-2, 0.3117317848233573
0.10590075105953375, 3.8743149582275405e-3
0.16044690006055537, 0.654597059434538
0.4075409893509538, 1.3870022316802268
0.10691792223684365, 5.588987293158995e-3
0.5432989012872302, 0.15976605365198895
0.4768817212249707, 3.393933317851278
0.4408365896680172, 0.8063321448581028
0.5838410960688155, 4.059154339636067
0.11046263602479696, 8.659340532360181
0.3679762766456129, 8.321908159918213
7.423750574277818e-2, 5.394465937593791
0.43877228611773245, 13.532843817713363
0.2955831376774826, 1.8139481917925004
0.25085344693402084, 15.698617559701473
0.16941709256057552, 14.530272545610217
0.5679292530400537, 12.96189505215569
0.2373265371745617, 16.37544636884183
0.1002053965792046, 9.205280628516449e-2
0.26994623987163224, 14.564317956882508
0.4678775577157714, 14.816612513754922
0.48998011981647177, 11.228284330348062
0.15069022550910136, 2.418210783908802e-2
0.5682936277685551, 0.14429821504007062
0.2526412017329597, 2.993211211394807e-3
0.3839241057164059, 0.10725705407468153
0.33818495868731585, 16.283874922779066
0.20670763932481012, 4.912238057883809
0.10734418042520795, 16.323528897546275
0.46077981739221585, 4.1537179642293784
0.30844271552126273, 12.835890536408222
0.3162732313022202, 9.643246039707039
0.4639153764539088, 1.896285854535685e-2
0.4319820501323989, 3.4347500163677425
0.5546232843247202, 0.1325162764619925
0.20311880988617942, 4.396427495193349e-3
0.24373775397209135, 8.220693557881664e-3
0.6591257340265181, 15.352561109512715
0.5259824583860684, 5.061853610593513
0.21134075949584752, 15.2303359442013
8.563387244826094e-2, 5.766743308710275
0.3173930512146169, 0.6550476824488182
6.0205466935691974e-2, 16.368378526559592
1.648712368461595e-2, 8.842432587925575e-2
0.11267743257590591, 14.881742649164186
0.1309145307877969, 10.266048504247813
0.1599287259009413, 1.472517386340126
0.4168531425258237, 13.536760699636607
0.16256321258520917, 0.23305019889139542
0.33882303983462025, 7.624423376858999
8.519671608343032e-2, 1.2973966981368087e-3
0.15340776831093966, 5.813148715868406
0.37605429184067973, 16.3206272226497
7.636338134200532e-2, 14.57317037408031
0.36825223477485586, 4.494746499768712
0.17192466345515886, 0.932879511005408
0.5411886905342556, 0.4758101450442795
0.12785679870877728, 11.786828335079989
0.7104472772415271, 13.829671827408207
0.1563014930445973, 9.94611486598685e-4
0.37358055898349823, 5.621188286516481
0.4854297324269296, 6.034052250046807
0.2428676752421012, 2.3757080039917182e-5
0.13060068209292727, 1.3193585194520132
0.3397843985203419, 1.8388877550535394e-3
0.39366848192970133, 2.7410144592176926
0.14559802514324913, 1.6529843125014034
0.20149769274755885, 1.1110320688031419
0.5009239781995135, 13.666842364565598
0.18317018105277078, 14.385659114974008
0.257455579880812, 1.7356347655382758
0.41456194310925537, 13.428102801571224
0.12959687062628097, 13.391899889523335
0.11120561845927764, 16.018669268663963
0.10687699105458377, 15.365354434223716
0.43406728835905684, 16.098430724336428
0.21328064155678064, 16.031825804854773
0.20905236666027752, 9.438870878380783
0.5610815919444476, 0.9778598458867243
0.19367741746841508, 15.856552129471536
5.4019278167560976e-2, 3.9947855799878216
0.20785499691252227, 7.51311133087764e-4
0.1864740963361784, 5.436752423260203
0.17224367322368087, 8.099736979174874e-2
0.32395722516079983, 13.373443538875623
0.1541741832741966, 15.359250789587716
0.37953387788271514, 0.2318590762638038
0.48627700537829566, 11.357263737494879
0.22445933477792518, 5.5219086483029285
0.5962939725106088, 0.6284526558320227
0.2270882263162126, 6.211345733713674
0.2980275846091185, 12.289615012379462
9.45242659028744e-2, 2.2212575302571445
0.45820902993529583, 8.079763393818787
5.475700201861688e-2, 0.36489917149214474
0.5602053643942712, 1.5726850928309206e-3
0.19593423819524916, 6.6038465574688185
0.1396043985476671, 5.578073405997111e-6
5.760626388634205e-2, 15.685311185257321
0.1635668260569114, 9.799149225895665
0.11479887522005489, 2.514431098799622
0.1448008828256743, 1.289916274139696
0.11870687960393964, 7.679391324828329
9.863653603072764e-2, 6.501898487617999
0.23455324094884444, 4.06601194679335
0.3809045670951669, 16.325830217891266
0.5672475074627673, 11.233103969188864
0.5364688305011597, 9.904537724998393
0.27970398052942447, 9.428942970601488
0.4285226651265004, 16.16293139287491
0.18965731754169604, 2.3574591696525844
0.3558810219912233, 3.9430765048136807
0.42979458445324153, 9.851804464466488
0.10526163811260883, 16.112036030736853
0.33094244187613797, 3.8472775185559005
0.20475484737808278, 14.987669022145964
0.17894401716363392, 16.36689397559044
0.3179846410735327, 9.746673749162222
0.38718164095030055, 1.4812426228748696
0.16730881323117808, 2.8696149040802693e-3
0.19780360024064836, 6.89727516253159e-2
3.4339950161438766e-2, 10.902399642956112
0.20808265789936256, 11.151808921815464
0.4695442629376035, 5.0384719874490385
0.20912643855323704, 7.2112925944303665
8.523456055336263e-2, 2.4897035395247706
0.32714525025548136, 13.993449852268695
0.3081671089664657, 3.2664790062671503
0.11040218778699576, 1.8257575346298367e-2
0.3452970720356771, 11.943464930465016
0.34708969323681044, 1.4659472055072098
0.12179628079236304, 4.2232213896024025
0.3306275660538183, 5.344418836504434
0.2762056698124999, 0.43766052549866585
0.314526843468165, 15.34079463722179
0.3891175594986313, 8.969758108567246e-7
0.2655359174978814, 11.9626753321164
0.3962830500766577, 14.809129618203345
0.40087797067762926, 2.3040297942339265
0.3012964339818063, 16.375293797266412
0.31120757108590646, 10.57020734654635
0.364734974549712, 0.6980347050009881
0.30562678927580567, 0.9850416426767479
0.17684614324397685, 0.7508600297590646
0.29079650601503954, 4.546479617474495
0.7465529713799011, 16.379261992768516
0.5900477884707986, 0.2659023155513343
0.17511790472664937, 0.3980868830720156
0.18282276878018813, 1.1905632605486334
0.36376384600563977, 1.7242515128921472
0.406793169310954, 0.39978888223879117
0.3616114940368129, 0.7124729800045586
0.4416919199683011, 9.848187339686405
0.4142115351329707, 15.411341544104001
0.6223466283001107, 9.474218751745644
0.4743301225448502, 1.1644952492671882e-5
0.5984984598587315, 8.83431062587481e-2
0.33634853106062473, 0.1054506496866341
0.12393807443013484, 7.115832337909502
0.3471849971335376, 0.5902572778191518
3.428102982708261e-2, 10.362769968377307
0.4670026614369486, 0.23284958852617993
0.15074969438219937, 13.321998234384262
0.1371978175474274, 10.586597271308376
3.2513828020240214e-2, 16.371806263583895
0.1787523277087083, 13.7165589388902
0.20195635311875468, 0.2149390558117539
0.2779869786772992, 2.124328781685633
0.27867801841528383, 1.9339364499020937
0.42338211259311626, 6.227427252502789
0.588807251749462, 15.586746330792243
0.5046400631098591, 4.41668461963768e-3
0.4118214831819043, 5.24633482527685
0.10250187396588524, 12.924554118152962
0.10100882645463266, 11.764320393902546
0.5529071001476656, 13.973025631676471
0.46838723075631133, 16.350501856724264
0.2617683048288924, 6.004567568292899
2.150144197280231e-2, 14.629682605830702
0.4201085735053904, 12.641335007715277
0.18010973052684306, 5.231975109220776e-2
0.5349945986825208, 15.44389150249662
0.3446029496696503, 16.31349527027473
7.007463427903765e-2, 15.537916339576752
0.21167929476731728, 16.039584772408574
0.1480103655839344, 7.88584135685803e-2
0.19427940081965253, 6.074634473594015
0.15264693917278058, 2.3614262762097127
0.2898477030080391, 2.04440441760609e-3
0.38976160185630687, 13.747044680438119
0.22645537589102008, 4.204651188879044
0.336593989676377, 10.320818333021975
8.29818267561972e-2, 12.527327009772764
8.318351021032233e-2, 1.0895963345826951
0.38007397477493954, 7.890090033613973
0.21390045408024286, 11.681555181372877
0.2234868277193917, 15.512987835602607
0.47680317790034366, 15.38465978500844
0.4813767662921504, 11.630264114735617
0.131022460312099, 3.4257741045094193e-3
0.5199398196313355, 11.314917247960041
0.15794408075985872, 3.8712788903246345e-3
0.4813054842214853, 15.469326277269754
0.21226472646837594, 0.7119690090732858
0.2621422400724097, 0.3885466362243749
8.99523631575145e-2, 4.659863104804444
0.23053152981392494, 6.933361087890269
0.2905362622662291, 0.31573176783402185
0.3970497197812511, 16.30711062927302
0.17993083310526378, 11.798769993053963
0.1663728065610814, 7.481732965485554
0.2570709120230494, 6.691272317274503
0.48757644475224626, 2.521113753375092
0.10191669781786308, 9.249120496038595e-3
4.631513482815098e-2, 1.6073316790939003
0.4361707482981623, 1.1858609873889934
0.3493390031634691, 1.327619077640469
7.515681251733736e-2, 15.961995996454622
0.29585635477340405, 5.93247415791296e-4
0.11401738187905072, 1.5117434787766123e-4
0.7671398273184665, 6.600883661052927e-2
0.18734756090601068, 1.7134757817989694e-2
0.3424415867277179, 8.841431263195677
0.35690862568059006, 9.242492034564245
0.11776594592285745, 8.92471799716774e-2
2.585139593875374e-2, 6.7989038413013185
0.1661137984351091, 12.698041274967828
0.24283062502479852, 2.370739221151459
0.10473741089586983, 9.226621490425737
9.449409593758178e-2, 1.6439572976676278
0.43832177459411975, 8.582432611771187e-2
0.23101165991544043, 14.068352255114805
0.17206638121852805, 9.82684098205958
0.3764746793253804, 9.659777785403158
0.3985765454321222, 1.9709674893917881
0.17853696268750283, 0.6068029307288787
0.2316153162581051, 7.4596206495388016
0.3460079634465719, 2.5692435599921217
7.492692541113298e-2, 1.828394411486209e-4
0.27454649856125396, 15.604350474700341
0.22011735524180723, 14.995303141099113
0.12061458293966927, 5.55149068793624
0.4947118254584835, 0.11151931787608527
0.27294474389349077, 15.508364395565735
0.25930050359406476, 7.90680183511426e-2
0.5960701719765267, 0.27539069355470197
0.2685160629243869, 14.309072519786072
5.888382715754369e-2, 2.043883493325189
0.14406206973914162, 0.11323782663017856
0.263114564836266, 0.9058055142431846
9.742142465011322e-2, 9.385676075997619
0.6898310233847921, 5.434948974929009
9.046997048933116e-2, 7.538833114446295
0.26293646540163473, 1.3507117521623755
0.2548738336468636, 1.657257830968087
0.5092889987932835, 2.818472543512848
0.43008378172376516, 3.591426682428204e-2
0.15028368903112962, 1.2243142815077929e-2
8.007273255253365e-2, 5.13233352079116
0.17381897006981026, 9.35797580830861
0.19860594682812083, 16.259390702743463
0.5859944988658676, 3.632483078191103e-2
0.27619130731606273, 14.759015357969538
0.31427934159242316, 0.47470958743678693
0.31363277972032133, 15.217963372886349
0.17150157063292507, 10.101039377715189
0.445583193791072, 15.754556859806883
0.34030986563790694, 15.033388441156292
0.5239832533312574, 14.321257645631869
0.29470762155770286, 7.830921863911872e-3
0.29791040811150876, 0.6894785880169425
0.15234414048747602, 16.38375058085508
0.6645474268651456, 15.505582906531163
0.17170754306575223, 1.8152351570400251
0.33791402215923966, 2.6715412134741796
3.043016571425967e-2, 10.101655492525941
0.2691872066966883, 9.569760933124595
0.14931946418233652, 16.249994319716826
0.2890288426683095, 2.753248324424011e-4
5.8003463962730824e-2, 0.3802268228846901
0.3015695277263401, 1.142517106145004
0.1197392688989606, 10.264841307945183
0.12921266189024064, 1.8493001883432894
0.6634839502581524, 2.0399994380065574e-2
0.37865948965902463, 3.424884377027178e-2
0.18605682329207154, 0.922370476932218
0.3705655917971613, 2.5944788591699104
0.2862928495774253, 1.4574470056096515e-2
0.539505209378347, 2.3240059190917175
3.3906771493528866e-2, 2.8299578594550168
0.2340478137356022, 13.076469411753397
0.2111318555501961, 15.455768860362811
0.2263026486948648, 16.230041018045643
0.14777948829826587, 1.463529311683616
0.5190805624624525, 8.382409401951511
0.35266629561140295, 0.8950089145963216
7.26999847522285e-2, 16.04263506035806
9.674070468639566e-2, 0.13346204702470538
0.29423921870230657, 3.369824654470235
0.32296773710284593, 0.3010494184757088
0.3698594296319104, 8.174025610946103
0.524872779704094, 3.172007676905658
0.46706288596844503, 14.739445863270548
6.350633638524031e-2, 0.376355960597789
0.49009477210729885, 12.07682419089655
0.3848922599645564, 6.020187444582017
8.035172231858416e-2, 1.9195188670081413
0.3669034826685345, 5.967980244828315
0.11392137263403013, 7.1064330628487395
0.13753048931856443, 14.902002987685098
0.514660319117288, 15.682003489948196
2.9626743764558008e-2, 15.263626750239098
0.2913177648297569, 4.255167180721614e-2
0.3175722981451887, 2.1289135355313786
0.5559503426612494, 3.336894220983526e-2
7.421234221992642e-2, 7.499102327131464
0.15023340547021463, 15.782839219483977
0.20431293684461133, 0.9214924161015077
0.48892509489756175, 2.133223974718786e-3
9.714112644542176e-2, 14.04007072956805
0.21219478292967103, 7.166131063541122
0.5899246915699006, 13.602777753032635
0.5699974426160707, 0.45870756147225294
0.18355558686415563, 2.3070056143840908e-4
0.41215760131324625, 5.793295554509052
0.2821310162651241, 0.719799390843632
0.23261306094370127, 7.2589280337486155
0.29992490934257593, 4.636183029461976e-2
0.11402953048869184, 0.37469431874135534
0.3272053169592867, 10.967203708545334
0.34675826450065406, 3.063266702020291
0.1178314419922683, 0.6336380268709199
0.38669252361016804, 6.704606788527165
0.34232952048323356, 2.9762008100227892
0.4367223356705586, 10.176252097287598
0.17621795496905435, 2.1511488756249335
0.1901905859259999, 8.822618495406866
0.38194661528645163, 5.914159577518192
0.182956101578358, 13.43222773382947
0.49917279664353364, 1.753601813287896e-2
0.41862238647841193, 2.0608274804098209e-4
0.44852675211621235, 15.694225323766322
0.699854778873031, 5.565708638281759
0.27264202554616107, 4.100657106431019e-9
0.14566184906967644, 0.2037299410446493
0.34844750813298947, 1.4856447467604652
1.1435813146490757e-2, 0.6270093428866209
0.22591360108033562, 6.64592355510666
0.10020526269781595, 16.055916498290618
0.25521667115269997, 2.7903914309783735
0.6203016491022914, 14.61846853575275
0.224438157891235, 1.0517264776745438e-4
0.1542418350170801, 6.2093566364637316e-2
0.4814888105246085, 4.987099422857872
0.2540437278812552, 3.2102821428351476
0.33288988279835274, 1.3175992764228799
8.74872925513829e-2, 0.38159510151465015
0.3065024223432541, 0.15795155528030666
9.452010699226272e-2, 9.487274377471928e-2
0.38943574479716203, 1.5544602177907036
0.2334120503501439, 15.660328786782136
0.39249199638938176, 3.042376707906691
0.5964713306815121, 13.648211702981634
6.959370269500373e-2, 2.720503133816884e-3
0.515798212753174, 8.558060060164214e-5
0.1981058627116994, 7.847236220243166e-8
0.33902610848183873, 8.730791206715615
0.3400873793439145, 9.473800526341443e-2
0.3190736891752439, 16.335104558737047
2.4329201943944105e-2, 3.186433522188804
0.27930726010997464, 6.636921882207458
0.25915607801830104, 0.2892516285636417
0.21835752841973477, 0.9076751466969041
0.2628765497399412, 15.995615827249441
0.29054668060200634, 5.091886004340518
8.943893223318151e-2, 3.7600809518401914
0.24547227125269147, 4.676627177043101
8.050953694053756e-2, 15.091722447512872
0.18128459624847834, 0.14742785820754947
0.5921603971921676, 10.281373662252548
0.67011151586784, 10.038193081258058
0.6836836710848224, 0.11475900802594885
0.24310200438690105, 8.05455532710065
0.47468040272176215, 16.372680726936856
3.0428928399159724e-2, 8.158028883722649
0.4541649227248087, 0.22873044509593704
0.22460576423976192, 6.120809407537083
0.18259878850694924, 6.225334497290175
0.3238171430374871, 4.300174602880917
0.1536328099757451, 3.1205628165288317
8.380597600731449e-3, 7.165343432977453
0.24999750274801025, 15.870473686720763
0.142641504843911, 1.3734185975215327
0.10468526603252637, 2.650642629335148
0.5282714908705071, 0.12260159416940263
0.20343539965301527, 14.427413886433671
0.27062040940171755, 0.6777593083638234
0.11575796288186427, 15.463624085653858
0.15832347767128346, 1.0243528182326846
0.2557147374091402, 14.614277418371415
0.11993762502392404, 10.288926375049131
0.15518004569049787, 3.964244853062935
0.26647630995256755, 9.823195816967981
0.5131907303647977, 1.4461704665353714
0.10446404124698938, 0.3365938389449537
0.1405801941111781, 8.345188767379423e-2
0.29328677430801664, 13.835779632181843
0.4749424522577794, 2.6967975653518175e-5
0.10260813222471908, 12.008798321754979
0.324539026045988, 15.738599080838426
0.3943302154069681, 15.03635802443561
0.13044125965799744, 16.296975869054247
0.13708317594267785, 15.430823566476684
0.7768482789743457, 15.462410158222403
0.2815203908282258, 3.259382362005874
0.2411477158542666, 15.481497858038262
0.2804019503799932, 6.59215181321369e-3
0.42828960859668846, 4.362745463157504e-4
0.1840105351987363, 10.252593397790713
0.13682513691698595, 16.383580271582417
0.2564970689490169, 0.2683501740123279
0.259516986240911, 13.068753132485838
0.33505882870824405, 1.3719493245566323
0.4073152781124392, 12.341063265259685
0.31596266106908855, 4.598480915132594
0.26930950151359895, 7.953551677160006
0.27266431592439855, 8.992169182834601
0.25474473109078016, 0.2573330298152073
7.679771344720607e-2, 12.47855654558307
0.4277202216028024, 3.572143065884315e-2
0.2932197017224486, 4.648827138214495
0.5013813080887122, 4.244419794609234
0.7257432145090459, 12.796974333940902
0.1023068564966775, 1.5002034603907845e-2
0.4081809181416491, 1.6289626097669445
0.15431548094507005, 6.358563223393941
0.25225219596037746, 11.313558181153482
0.23847955546716829, 15.876455728738094
0.17926294710171853, 4.360002544736127
0.1298575552290235, 8.92073752299057
0.3924373062453637, 0.1994412341224115
0.2355020611774843, 0.3709855544941528
7.646461031788157e-2, 11.088227988126816
0.34399569624625564, 10.538136969917863
7.244427096404712e-2, 15.401977373421001
0.13251784831058705, 7.786585833162436
0.4474483482617288, 13.867961732820229
0.1409741444911145, 7.974678037495668
0.3632925243865236, 14.763692733776256
0.3833325817950974, 14.002382145288854
0.4675260419593997, 2.784767041956947
0.12181104018886081, 0.2604552012186912
0.3473352637506827, 8.960290955675465
0.7162917214649015, 6.917149634334191
0.15658825114833283, 1.2227506998690327
0.2694931378862281, 5.405239029371628
3.655762877949193e-2, 2.4845931075859937
2.3769017377656437e-2, 9.909096123065682
0.42986455390774486, 16.383602614264426
0.26259836082449883, 3.544005703012128
0.6337330340190642, 14.025935754195295
9.762402189780288e-2, 1.1155611256101818
0.41162145374303233, 10.68900005899505
0.31937169968159285, 11.308728211310488
3.2460593008626255e-2, 7.649318676586673
2.847571875164104e-2, 3.0515665582904554
0.3655048081368924, 0.15213537527846185
6.9318442659944e-2, 13.650104515479182
0.20516220083448777, 3.815796061999324
0.4577297431136432, 10.74823692250417
0.1657876068202772, 15.988168625202679
0.14267191843691485, 0.18820572325889115
0.12421164727863424, 13.379855336116794
0.38688130192890274, 15.211033844724005
0.5165986206370001, 10.59124557809221
6.268565754067419e-2, 8.582699540180833
0.10909054255990383, 8.06166734171995
0.4250737907714322, 8.072694312620767
0.31146346601026925, 2.260967083702637
8.0578294869991e-2, 7.788149906337517
0.49427945979492166, 1.1418391213999692e-3
0.23057304092615075, 7.326483215280029
0.40101722854598776, 3.578308823674949e-2
0.40424905896592916, 7.1422195491699335e-3
0.3757723714644917, 0.4289979825201204
0.33116475835860254, 2.5818078414606918
0.26657424792776896, 15.506179523337915
0.2904194260236852, 15.714637619196559
0.17690581371944267, 16.092685836096862
0.6876915923592778, 14.291822570517315
0.10846089282899052, 6.638816069678127e-2
0.5050013552314908, 12.4362369875604
0.1559982959924161, 13.698168356175936
0.41544165011042716, 14.707191251958067
0.3968686155543435, 14.09860155071642
0.592094094936952, 2.349016484393636
0.16718951502541887, 1.0788110605121328
9.554942576755657e-2, 14.010010151503955
0.6319722755846436, 10.3689904853107
0.25020842030969404, 8.201018308800633
0.1786884776875728, 0.565475073738174
0.15896208683353716, 15.34631605433792
1.952463575696074e-2, 0.8410712831612547
0.17093723877808079, 7.909738117404603
0.42513141828414996, 2.903372632077699e-3
0.4423284074995059, 16.072466750805958
0.3680443916855488, 12.545043377603287
0.5643295918024137, 6.385930079790875
0.3272507684755971, 2.1575922283823283
0.26218245599605916, 13.49627144172241
9.202299436705695e-2, 2.1057943162591215
0.3498969649866561, 5.919976439931046
0.3021294964355154, 12.912946775805912
6.120920042489889e-2, 15.10775429770174
0.23881131732658886, 1.386996979598608e-2
0.3162607790492955, 15.478173754386525
0.27335606706692384, 6.439389727559386
0.1386945626269911, 9.92697732320755e-3
0.3351452085893023, 0.858312312260415
0.2953179233641454, 2.802157905575059
0.374513518973325, 0.7946362366137437
0.4652115178307995, 13.90836281329941
0.3168027738401779, 7.043875850681819
0.8370499003553734, 1.6741010477100186e-8
0.38440970548045905, 16.360591154142448
0.10669694115539012, 6.867789275713457
0.10074927267503767, 4.594105759954001
0.5353289882118005, 3.0068632914655407
0.1919837913683637, 15.000015725380258
0.6750494728911978, 11.148475746560532
0.11575337106809729, 6.921218895532296e-3
5.4772727672898563e-2, 2.1056296466895255
0.24355022199602058, 0.2802841658609434
8.433365364379443e-2, 1.890969936021765
0.40237272147363123, 16.383440467340492
0.22330118939946822, 2.7946397632998665
0.16416224904906393, 0.588290476311016
0.5514059606821833, 14.81517250096862
0.10469028280236448, 13.936999097752155
0.47665606269135574, 1.1350261763021695e-2
0.12606559325880118, 16.013585715833223
0.3079596140330187, 11.61718505695146
0.44118689858397825, 3.2111604175925668
0.5506083784934729, 0.11465658485022637
0.17347328782800722, 5.050986573899421
0.2903627084968664, 16.25539717908466
0.5157100603530095, 4.4314460290007726e-2
0.4645307250718912, 4.812231218232972
0.3203176483595421, 15.512997073103364
0.6391373949926552, 1.454110118976644
0.13432955609030317, 9.147946558954427e-2
0.536204280072672, 1.8019704252627948
0.19663050338620508, 4.279839384555756
0.2992486215733305, 0.3444749570974289
0.24048440299279508, 1.6453794244185672e-2
9.59089890695849e-2, 6.898613034313123
0.40839177525413034, 14.181166175803444
0.14816651218561228, 9.390368442012468
0.2812271498812466, 1.4502017869650237e-3
0.24420362002179483, 0.34717942739064933
7.524953323669842e-2, 0.21843670715076577
0.15238228729338874, 16.128225059415733
0.354506614713833, 16.215327715538756
0.2669584477488969, 9.940744917377003
0.13662259090402487, 16.381804074502078
0.3183460497496948, 16.240519016325827
4.357211860600767e-2, 0.31403715263994564
0.48995554405673974, 10.31120233729954
0.16677729785814915, 8.199936812374606e-6
0.13894652546125663, 14.868807471420682
8.083384822859074e-2, 2.887516235003734
0.3049056611026617, 0.4031248957077898
0.2645841763586712, 9.847397510679082
0.1736780379151561, 1.0445558549156072e-3
0.19521134896887804, 10.883438787392585
0.14149803755840187, 16.212545537482942
0.36814988288057116, 14.3425541852242
0.4782469026424912, 0.62793884184334
0.46706815325863626, 7.497046597546428
0.2683699264407861, 1.1446971465490745
0.10081773558442816, 11.552261655680065
0.2794116063034119, 3.781427915385111e-3
0.21073605918539814, 9.588132961857784
0.23624305113092486, 3.0309853923280827e-3
0.47192102637210537, 4.047768935822801
0.3827865157392047, 16.37029143712639
0.3243246358105541, 1.639094795259729e-2
0.38731705575368247, 0.42978484691767743
0.2541627077611432, 14.94470333292403
8.512513177107044e-2, 10.457711977317777
0.1987858385261564, 10.432997235969651
0.5219164524469443, 6.1905768163273995
0.2273722334818605, 0.5532773035298577
0.2441486976868629, 1.6262006805608498
0.20967627261742933, 12.32369125710304
4.1629682195520414e-2, 4.483689550459477
0.4365638653617891, 11.591591536721543
0.12787186329427508, 13.181917498188369
0.13357283850292678, 7.627808681957054
0.5531642045901574, 15.138896893544665
0.7215693860574355, 3.930442143505651e-2
0.2630402280846472, 5.353630688746328e-7
0.3696309946877454, 14.807564071208825
0.27599590603438523, 2.5567892825038817e-3
0.40275116287972085, 4.389988660764261e-3
0.22767756200113418, 1.4868730934138081
0.46978295609859283, 6.704298523207666
0.20646596181292584, 9.320970041332938
0.12440992247867591, 13.73555055085359
8.008972487687595e-2, 1.6431596954177563
0.2265771320873901, 16.375046059199367
0.25481397942612816, 16.14317537277931
0.4324425743953413, 15.274985602559727
0.29738339212428094, 5.276783520306033
0.13385625238678578, 10.971903144086454
0.31811265165082514, 16.185295532259968
0.6169781445375101, 0.30444215025819826
0.2157648883141875, 2.438665371716008e-4
0.32754445314600256, 11.145506066203405
0.2582615144287963, 0.2730088026437086
0.26640609326330794, 16.358737968224506
0.14145545711224236, 0.7731081588038757
0.583800922366345, 13.87473507443162
0.4180567090309951, 2.4610940765390013e-3
0.2250495538369204, 2.9177711135651596
0.5238875204748545, 0.689275485267627
0.20890697499137256, 10.766692274952929
1.4584006511269492e-2, 1.5469913185058937
0.17037657228167633, 2.04828367497863
0.22801085471131885, 15.01864085473509
0.1509003505256794, 8.347146029391574
0.47469970644809123, 14.96628838473716
0.14586666899710285, 2.597674768277449
0.4162909230520493, 7.700393642610237
0.1998063041755442, 4.676742815361965
0.32673011716880146, 4.564351455872632e-2
0.5007529648860614, 4.025022583076193
8.905009883318314e-2, 0.23126016840102334
0.44021034141226056, 7.876457331622777
0.1542801330153538, 8.446983371951768
0.2540729186044607, 13.028283595246624
9.694746221258786e-2, 0.4222164413991371
0.2774538297644635, 11.468387547598763
0.1336392235898805, 3.9404339918425664
0.2968724104652216, 12.192087945986925
5.82330446725049e-2, 1.45763743869651
0.17590453698224356, 4.986537362794204e-2
0.18540499362943813, 3.0562658754103853
0.34280305212866347, 0.4006370481896398
0.2862275112724829, 15.932358321100248
2.7699411807197538e-2, 8.942559504040506
0.19294381482681808, 0.5383740629427576
0.1799210920463805, 6.040745217910039
0.23493840735043178, 1.9586541544385985e-4
5.500150373667417e-2, 16.341066748671622
0.13686188894395587, 12.439259645735538
0.47275579009017843, 16.016410541243
0.6416055929481334, 1.3745694925127558e-3
0.24546505316395764, 6.792518582523716e-2
0.13209973109438142, 1.360231176834661
0.4124769025165039, 2.2265053832103936
0.41930641723169365, 11.904981087561012
0.4589771858871285, 1.8175284732606743e-2
